b	 h	  u	 x_h	 x_u
0.29882728758040455475	2.0264959753493112515	-3.5324704792662265214e-22	0.0023481818181163732241	0
0.29649013367799004204	2.023894425677692066	0.0023174798733183888527	0.007044545454349120106	0.0046963636362327464482
0.2941640076912773738	2.0212355172696314654	0.0046409176058283671193	0.011740909090581867422	0.0093927272724654928965
0.29184890962026660555	2.0185392869882234912	0.0069705340067100973397	0.016437272726814614737	0.014089090908698240212
0.28954483946495773727	2.0158153062171102476	0.0093064597087728542085	0.021133636363047360318	0.018785454544930985793
0.28725179722535065796	2.0130693627750235741	0.011648794464821202871	0.025829999999280105899	0.023481818181163734843
0.28496978290144547863	2.0103053946751945347	0.013997620915830118887	0.030526363635512854949	0.028178181817396480424
0.28269879649324214377	2.0075262810799712199	0.01635301061256952404	0.03522272727174560053	0.032874545453629229474
0.28043883800074070889	2.0047342320147767403	0.018715027267115168924	0.039919090907978349581	0.037570909089861971586
0.27818990742394106297	2.0019310047001424024	0.021083728731272132623	0.044615454544211098631	0.042267272726094720636
0.27595200476284337254	1.9991180341279559673	0.023459168299040291522	0.049311818180443847681	0.046963636362327469687
0.27372513001744752659	1.9962965169468123161	0.025841395613788779861	0.054008181816676589793	0.051659999998560211798
0.27150928318775346959	1.9934674680220552112	0.028230457327544630775	0.058704545452909338843	0.056356363634792960848
0.26930446427376136809	1.9906317600749272589	0.030626397596346544711	0.063400909089142087893	0.061052727271025709899
0.26711067327547111105	1.9877901523563237252	0.033029258462541385977	0.068097272725374830005	0.065749090907258458949
0.264927910192882754	1.9849433119434927164	0.035439080156416537248	0.072793636361607572116	0.07044545454349120106
0.2627561750259961304	1.9820918299155247944	0.037855901338638871245	0.077489999997840314228	0.075141818179723943172
0.2605954677748115178	1.9792362338773989983	0.040279759298215422891	0.082186363634073070217	0.079838181815956699161
0.25844578843932869416	1.9763769978199021704	0.042710690116350112644	0.086882727270305812328	0.084534545452189441272
0.256307137019547715	1.9735145499964028559	0.045148728803690203748	0.091579090906538568317	0.089230909088422197262
0.25417951351546863581	1.9706492792971390671	0.047593909416490561004	0.096275454542771310429	0.093927272724654939373
0.2520629179270914566	1.9677815404672602817	0.050046265155849166406	0.10097181817900406642	0.098623636360887695362
0.24995735025441612187	1.964911658422582752	0.05250582845318618741	0.10566818181523679465	0.1033199999971204236
0.2478628104974425761	1.9620399318523651377	0.054972631044424631608	0.11036454545146955064	0.10801636363335317959
0.24577929865617098582	1.959166636252289706	0.057446704034802009708	0.11506090908770229275	0.1127127272695859217
0.24370681473060118449	1.9562920264973817641	0.059928077955845419911	0.11975727272393504874	0.11740909090581867769
0.24164535872073333866	1.9534163390399743587	0.062416782815740229351	0.12445363636016779085	0.1221054545420514198
0.2395949306265672818	1.9505397937994544133	0.064912848144089013713	0.12914999999640053296	0.12680181817828417579
0.23755553044810312491	1.9476625957966455793	0.067416303031875970952	0.13384636363263327508	0.1314981818145169179
0.23552715818534081249	1.9447849365750744521	0.069927176167308632837	0.13854272726886604494	0.13619454545074966001
0.23350981383828040006	1.9419069954431853464	0.072445495868094719749	0.1432390909050987593	0.14089090908698240212
0.23150349740692183209	1.9390289405651788268	0.074971290110620855685	0.14793545454133150141	0.14558727272321514423
0.2295082088912651086	1.9361509299231245418	0.077504586556425475452	0.15263181817756427128	0.15028363635944788634
0.22752394829131028509	1.9332731121690283072	0.080045412576298560769	0.15732818181379701339	0.15497999999568062846
0.22555071560705730604	1.930395627382328394	0.082593795272290881915	0.1620245454500297555	0.15967636363191339832
0.22358851083850622699	1.9275186077457471256	0.085149761497875037231	0.16672090908626249761	0.16437272726814614043
0.22163733398565693689	1.9246421781503413317	0.087713337876466429543	0.17141727272249526748	0.16906909090437888254
0.21969718504850954677	1.9217664567388867969	0.090284550818483688683	0.17611363635872800959	0.17376545454061162466
0.21776806402706405663	1.9188915553953562743	0.092863426537105095426	0.1808099999949607517	0.17846181817684439452
0.21584997092132035545	1.9160175801870886758	0.095449991062856259783	0.18550636363119349381	0.18315818181307713663
0.21394290573127860977	1.9131446317652918143	0.098044270257148097292	0.19020272726742626368	0.18785454544930987875
0.21204686845693870856	1.9102728057287343688	0.1006462898248693949	0.19489909090365900579	0.19255090908554262086
0.21016185909830065182	1.9074021929548035104	0.10325607532612553208	0.19959545453989172015	0.19724727272177539072
0.20828787765536449506	1.904532879901551512	0.10587365218720455606	0.20429181817612446226	0.20194363635800813284
0.20642492412813012725	1.9016649488838759385	0.10849904571084244276	0.20898818181235723213	0.20663999999424084719
0.20457299851659765944	1.8987984783265703381	0.11113228108585111731	0.21368454544858997424	0.2113363636304735893
0.20273210082076703609	1.8959335429966461817	0.11377338339616645257	0.21838090908482271635	0.21603272726670635917
0.20090223104063831272	1.8930702142170279245	0.11642237762936689938	0.22307727272105545846	0.22072909090293910128
0.19908338917621143382	1.8902085600634663809	0.1190792886847081844	0.22777363635728822833	0.22542545453917184339
0.19727557522748645491	1.8873486455463084344	0.12174414138071511238	0.23246999999352097044	0.2301218181754045855
0.19547878919446326496	1.8844905327785603788	0.1244169604623671932	0.23716636362975371255	0.23481818181163735537
0.19369303107714203049	1.8816342811315278638	0.12709777060791133119	0.24186272726598645466	0.23951454544787009748
0.19191830087552258499	1.8787799473791713112	0.12978659643533155266	0.24655909090221922453	0.24421090908410283959
0.19015459858960503947	1.8759275858321868835	0.13248346250850293049	0.25125545453845193888	0.24890727272033558171
0.18840192421938933842	1.8730772484627224994	0.13518839334305449151	0.25595181817468470875	0.25360363635656835157
0.18666027776487553735	1.8702289850205398025	0.13790141341196354707	0.26064818181091742311	0.25829999999280106593
0.18492965922606363627	1.8673828431413450613	0.14062254715090163892	0.26534454544715019297	0.2629963636290338358
0.18321006860295352414	1.864538868447948472	0.14335181896335141838	0.27004090908338296284	0.26769272726526655015
0.181501505895545312	1.8616971046448360649	0.14608925322551058468	0.2747372727196156772	0.27238909090149932002
0.17980397110383888881	1.858857593606688674	0.14883487429099956367	0.27943363635584844706	0.27708545453773208989
0.17811746422783442112	1.856020375461326255	0.15158870649538652708	0.28412999999208121693	0.28178181817396480424
0.1764419852675317979	1.853185488667511871	0.15435077416054307498	0.28882636362831393129	0.2864781818101975186
0.17477753422293101915	1.8503529700880121389	0.15712110159884334903	0.29352272726454670115	0.29117454544643028846
0.17312411109403214038	1.8475228550582718512	0.15989971311721670744	0.29821909090077941551	0.29587090908266300282
0.17148171588083507833	1.8446951774510249589	0.16268663302106523005	0.30291545453701218538	0.30056727271889577269
0.16985034858333991625	1.8418699697371463397	0.16548188561805518559	0.30761181817324489973	0.30526363635512854255
0.1682300092015465709	1.8390472630430074741	0.16828549522179120368	0.3123081818094776696	0.30995999999136125691
0.16662069773545515328	1.8362270872045913794	0.17109748615538195038	0.31700454544571043947	0.31465636362759402678
0.16502241418506558013	1.8334094708185888489	0.17391788275490385751	0.32170090908194315382	0.31935272726382679664
0.16343515855037787921	1.8305944412906833829	0.1767467093727712879	0.32639727271817592369	0.324049090900059511
0.16185893083139202275	1.8277820248812219894	0.17958399038101860445	0.33109363635440869356	0.32874545453629228087
0.16029373102810803853	1.8249722467484379429	0.18242975017450105413	0.33578999999064140791	0.33344181817252499522
0.15873955914052589877	1.8221651309893949211	0.18528401317401962944	0.34048636362687417778	0.33813818180875776509
0.15719641516864568676	1.8193607006787977376	0.18814680382937576386	0.34518272726310683662	0.34283454544499053496
0.1556642991124672637	1.8165589779058037845	0.19101814662236057951	0.34987909089933960649	0.34753090908122324931
0.15414321097199074062	1.8137599838089688564	0.19389806606968332248	0.35457545453557237636	0.35222727271745601918
0.15263315074721611753	1.8109637386094361577	0.19678658672584381506	0.35927181817180509071	0.35692363635368878905
0.15113411843814331115	1.8081702616424846219	0.19968373318595239452	0.36396818180803786058	0.3616199999899215034
0.14964611404477234924	1.8053795713875273599	0.20258953008850175137	0.36866454544427063045	0.36631636362615427327
0.14816913756710331507	1.8025916854966634872	0.20550400211809452533	0.3733609090805033448	0.37101272726238698763
0.14670318900513606986	1.7998066208218617135	0.20842717400812904582	0.37805727271673611467	0.37570909089861975749
0.14524826835887075238	1.797024393440858292	0.21135907054344790779	0.38275363635296882903	0.38040545453485252736
0.14380437562830727938	1.7942450186818446056	0.21429971656295118687	0.38744999998920159889	0.38510181817108524172
0.1423715108134456786	1.7914685111470125545	0.21724913696217815207	0.39214636362543436876	0.38979818180731801158
0.14094967391428595005	1.7886948847350216951	0.22020735669585961292	0.39684272726166708312	0.39449454544355078145
0.13953886493082806597	1.785924152662451414	0.22317440078044378793	0.40153909089789985298	0.39919090907978344029
0.1381390838630719986	1.7831563274842880951	0.22615029429659821991	0.40623545453413262285	0.40388727271601626567
0.13675033071101788673	1.7803914211135070111	0.22913506239168987544	0.41093181817036533721	0.40858363635224892452
0.13537260547466559157	1.7776294448397920167	0.23212873028224587091	0.41562818180659810707	0.41327999998848169438
0.1340059081540151964	1.7748704093474421128	0.23513132325639685138	0.42032454544283082143	0.41797636362471446425
0.13265023874906661794	1.7721143247325055192	0.23814286667630521488	0.4250209090790635913	0.42267272726094717861
0.13130559725981993946	1.7693612005191841074	0.24116338598057990295	0.42971727271529636116	0.42736909089717994847
0.12997198368627510545	1.7666110456755423908	0.2441929066866796727	0.43441363635152907552	0.43206545453341271834
0.12864939802843211591	1.7638638686285592616	0.24723145439330709849	0.43910999998776184539	0.4367618181696454327
0.12733784028629102636	1.7611196772785542297	0.25027905478279399709	0.44380636362399461525	0.44145818180587820256
0.12603731045985180903	1.7583784790130190245	0.25333573362348116298	0.44850272726022732961	0.44615454544211091692
0.12474780854911445005	1.7556402807198843163	0.2564015167720928301	0.45319909089646009948	0.45085090907834368679
0.12346933455407894942	1.7529050888002490893	0.25947643017610838578	0.45789545453269275832	0.45554727271457645665
0.12220188847474532101	1.7501729091805982019	0.26256049987613211405	0.46259181816892552819	0.46024363635080917101
0.1209454703111135232	1.747443747324531893	0.26565375200826246704	0.46728818180515829805	0.46493999998704194088
0.11970008006318362537	1.7447176082440325473	0.26875621280646277977	0.47198454544139101241	0.46963636362327471074
0.11846571773095555813	1.7419944965102869272	0.27186790860493381672	0.47668090907762378228	0.4743327272595074251
0.11724238331442937699	1.7392744162640874084	0.27498886584049053727	0.48137727271385655214	0.47902909089574019497
0.11603007681360506809	1.7365573712258273176	0.27811911105494302454	0.4860736363500892665	0.48372545453197290932
0.11482879822848263141	1.7338433647051165742	0.28125867089748440852	0.49076999998632203637	0.48842181816820567919
0.11363854755906202532	1.731132399610022965	0.28440757212708511759	0.49546636362255480623	0.49311818180443844906
0.11245932480534331921	1.7284244784559663621	0.28756584161489623375	0.50016272725878752059	0.49781454544067116341
0.11129112996732642982	1.7257196033742765451	0.29073350634666211834	0.50485909089502034597	0.50251090907690387777
0.11013396304501146816	1.723017776120426392	0.29391059342514330721	0.5095554545312529493	0.50720727271313670315
0.10898782403839832322	1.7203189980819599825	0.29709713007255189599	0.51425181816748577468	0.5119036363493694175
0.10785271294748705051	1.7176232702861247148	0.30029314363299852708	0.51894818180371860006	0.51659999998560213186
0.10672862977227767778	1.7149305934072203161	0.30349866157495430929	0.52364454543995120339	0.52129636362183484621
0.10561557451277012176	1.7122409677736785127	0.30671371149372661513	0.52834090907618402877	0.52599272725806767159
0.10451354716896446573	1.7095543933748806875	0.30993832111395086537	0.53303727271241674313	0.53068909089430038595
0.10342254774086066804	1.706870869867729068	0.31317251829209902247	0.53773363634864945748	0.5353854545305331003
0.10234257622845871483	1.7041903965829767742	0.31641633101900584757	0.54242999998488228286	0.54008181816676592568
0.10127363263175864772	1.7015129725313276055	0.3196697874224134206	0.54712636362111499722	0.54477818180299864004
0.10021571695076043895	1.6988385964093177805	0.32293291576953558897	0.55182272725734771157	0.54947454543923135439
0.09916882918546407466	1.6961672666049829594	0.32620574446964251125	0.55651909089358053695	0.55417090907546417977
0.098132969335869596472	1.6934989812033223178	0.32948830207666673919	0.56121545452981325131	0.55886727271169689413
0.09710813740197699051	1.6908337379915661103	0.33278061729183167072	0.56591181816604596566	0.56356363634792960848
0.096094333383786215141	1.6881715344642562737	0.3360827189663025405	0.57060818180227879104	0.56825999998416243386
0.095091557281297339754	1.6855123678281414001	0.33939463610386227943	0.5753045454385115054	0.5729563636203950372
0.094099809094510322716	1.6828562350069000697	0.34271639786361191016	0.58000090907474421975	0.57765272725662786257
0.093119088823425177903	1.6802031326456936533	0.34604803356269636661	0.58469727271097693411	0.58234909089286057693
0.092149396468041849806	1.6775530571155583548	0.34938957267905784709	0.58939363634720975949	0.58704545452909340231
0.091190732028360435568	1.674906004517636271	0.35274104485421581279	0.59408999998344247384	0.59174181816532600564
0.090243095504380851923	1.6722619706872605683	0.35610247989607618502	0.59878636361967529922	0.59643818180155883102
0.089306486896103182138	1.6696209511978907791	0.35947390778176896431	0.60348272725590790255	0.60113454543779154537
0.088380906203527329068	1.6669829413649075445	0.36285535866051704668	0.60817909089214072793	0.60583090907402437075
0.08746635342665337598	1.6643479362492716866	0.3662468628565352935	0.61287545452837344229	0.61052727271025708511
0.086562828565481253484	1.6617159306610527203	0.36964845087196174234	0.61757181816460626766	0.61522363634648979946
0.085670331620011003215	1.6590869191628270229	0.37306015338982162488	0.62226818180083898202	0.61991999998272251382
0.084788862590242625172	1.6564608960729556575	0.37648200127702519113	0.6269645454370718074	0.6246163636189553392
0.083918421476176133234	1.6538378554687411803	0.37991402558739978401	0.63166090907330441073	0.62931272725518805355
0.083059008277811485765	1.6512177911894709847	0.38335625756475738557	0.63635727270953712509	0.63400909089142087893
0.082210622995148696646	1.6486006968393456251	0.38680872864599874505	0.64105363634576995047	0.63870545452765359329
0.081373265628187779752	1.6459865657903030023	0.39027147046425464394	0.64574999998200266482	0.64340181816388630764
0.080546936176928707329	1.643375391184733969	0.39374451485206474199	0.6504463636182354902	0.648098181800119022
0.079731634641371548766	1.6407671659380984597	0.39722789384459650242	0.65514272725446809353	0.65279454543635184738
0.078927361021516206918	1.6381618827414419215	0.40072163968290291924	0.65983909089070091891	0.65749090907258456173
0.078134115317362751174	1.6355595340638151569	0.40422578481722193366	0.66453545452693363327	0.66218727270881738711
0.077351897528911139901	1.6329601121546040154	0.40774036191031731713	0.66923181816316645865	0.66688363634504999045
0.076580707656161428609	1.6303636090457640506	0.41126540384086213153	0.673928181799399173	0.67157999998128281582
0.075820545699113561788	1.6277700165539721322	0.41480094370686643179	0.67862454543563188736	0.67627636361751553018
0.075071411657767567194	1.6251793262826892406	0.41834701482914871118	0.68332090907186460171	0.68097272725374835556
0.07433330553212341707	1.6225915296241417707	0.4219036507548541981	0.68801727270809742709	0.68566909088998106991
0.07360622732218115305	1.6200066177612211238	0.42547088526101844996	0.69271363634433014145	0.69036545452621367325
0.072890177027940733501	1.6174245816693055833	0.42904875235817974133	0.69740999998056296683	0.69506181816244649863
0.072185154649402186178	1.6148454121180044751	0.43263728629403874759	0.70210636361679568118	0.69975818179867921298
0.071491160186565511081	1.6122690996728279433	0.43623652155716935441	0.70680272725302839554	0.70445454543491203836
0.070808193639430708211	1.6096956346967843388	0.43984649288077914964	0.71149909088926110989	0.70915090907114475272
0.070136255007997749811	1.6071250073519058876	0.44346723524652142956	0.71619545452549393527	0.71384727270737757809
0.069475344292266663637	1.6045572076007055262	0.44709878388836088448	0.72089181816172664963	0.71854363634361018143
0.068825461492237435812	1.6019922252075646796	0.45074117429649257494	0.72558818179795947501	0.72323999997984300681
0.068186606607910094091	1.5994300497400579797	0.45439444222131569751	0.73028454543419207834	0.72793636361607572116
0.067558779639284596841	1.5968706705702093718	0.45805862367746380537	0.73498090907042490372	0.73263272725230854654
0.066941980586360971817	1.5943140768756878245	0.46173375494789209439	0.73967727270665761807	0.7373290908885412609
0.066336209449139205141	1.5917602576409404236	0.46541987258802292038	0.74437363634289044345	0.74202545452477397525
0.065741466227619310692	1.5892092016582646252	0.46911701342995060227	0.74906999997912315781	0.74672181816100668961
0.065157750921801302346	1.5866608975288221117	0.47282521458670767611	0.75376636361535576114	0.75141818179723951499
0.064585063531685124594	1.5841153336635924731	0.47654451345659210038	0.75846272725158858652	0.75611454543347222934
0.064023404057270832945	1.5815724982842735979	0.48027494772755796593	0.76315909088782130087	0.76081090906970505472
0.06347277249855837189	1.5790323794241221123	0.48401655538167087656	0.76785545452405412625	0.76550727270593765805
0.062933168855547810816	1.576494964928742748	0.48776937469962838856	0.77255181816028684061	0.77020363634217048343
0.062404593128239094213	1.5739602424568210903	0.49153344426534756328	0.77724818179651966599	0.77489999997840319779
0.061887045316632263714	1.5714281994808056986	0.49530880297062063189	0.78194454543275226932	0.77959636361463602316
0.061380525420727277686	1.5688988232875362705	0.49909549001984065963	0.7866409090689850947	0.78429272725086873752
0.060885033440524163884	1.5663721009788229566	0.5028935449347974318	0.79133727270521780905	0.7889890908871015629
0.06040056937602290843	1.563848019471973716	0.50670300755954578165	0.79603363634145063443	0.79368545452333416623
0.059927133227223525203	1.5613265655002726007	0.51052391806534813679	0.80072999997768334879	0.79838181815956688059
0.059464724994126000324	1.558807725613410744	0.51435631695569161703	0.80542636361391606314	0.80307818179579970597
0.059013344676730347671	1.5562914861778673892	0.51820024507138162662	0.8101227272501487775	0.80777454543203253134
0.058572992275036553367	1.5537778333772442885	0.52205574359571382814	0.81481909088638160288	0.8124709090682652457
0.058143667789044631289	1.5512667532125554715	0.52592285405972605261	0.81951545452261431723	0.81716727270449784903
0.05772537121875456062	1.5487582315024666091	0.52980161834753025651	0.82421181815884714261	0.82186363634073067441
0.057318102564166376056	1.5462522538834937436	0.5336920787017279677	0.82890818179507974595	0.82655999997696338877
0.056921861825280035962	1.5437488058101538346	0.53759427772891010822	0.83360454543131257132	0.83125636361319621415
0.056536649002095568095	1.5412478725550722292	0.54150825840524219323	0.83830090906754528568	0.8359527272494289285
0.056162464094612958576	1.5387494392090454998	0.54543406408213768177	0.84299727270377811106	0.84064909088566164286
0.055799307102832221283	1.5362534906810607627	0.54937173849202014519	0.84769363634001082541	0.84534545452189435721
0.055447178026753342339	1.5337600116982741394	0.55332132575417725118	0.85238999997624365079	0.85004181815812718259
0.05510607686637634256	1.5312689868059425891	0.55728287038070634107	0.85708636361247625413	0.85473818179435989695
0.054776003621701194191	1.5287804003673166608	0.56125641728255581953	0.86178272724870896848	0.85943454543059272233
0.054456958292727911108	1.5262942365634897257	0.56524201177566280041	0.86647909088494179386	0.86413090906682543668
0.054148940879456500253	1.523810479393207018	0.56923969958718845241	0.87117545452117450822	0.86882727270305815104
0.053851951381886940806	1.5213291126726302682	0.57324952686185404183	0.87587181815740733359	0.87352363633929086539
0.053565989800019260525	1.5188501200350663645	0.57727154016837955997	0.88056818179363993693	0.87821999997552369077
0.053291056133853438592	1.5163734849306478303	0.5813057865060260454	0.88526454542987276231	0.88291636361175640513
0.053027150383389481947	1.513899190625981328	0.58535231331124504273	0.88996090906610547666	0.88761272724798923051
0.05277427254862738365	1.5114272202037486448	0.58941116846443486477	0.89465727270233830204	0.89230909088422183384
0.052532422629567157579	1.5089575565622699305	0.59348240029680909835	0.8993536363385710164	0.89700545452045465922
0.052301600626208796796	1.5064901824150285226	0.59756605759737746464	0.90404999997480373075	0.90170181815668737357
0.052081806538552294361	1.50402508029015336	0.6016621896200403663	0.90874636361103644511	0.90639818179292019895
0.051873040366597657214	1.5015622325298620954	0.60577084609080211752	0.91344272724726927049	0.91109454542915291331
0.051675302110344892292	1.4991016212898646831	0.60989207721510330096	0.91813909088350198484	0.91579090906538551664
0.051488591769793978781	1.4966432285387272216	0.61402593368527480511	0.92283545451973481022	0.92048727270161834202
0.051312909344944944434	1.4941870360571971599	0.61817246668811620669	0.92753181815596752458	0.92518363633785105637
0.051148254835797768436	1.4917330254374867593	0.62233172791260127354	0.93222818179220023893	0.92987999997408388175
0.050994628242352457725	1.4892811780825172541	0.62650376955771258647	0.93692454542843295329	0.93457636361031659611
0.050852029564609005363	1.4868314752051257077	0.63068864434040849964	0.94162090906466577866	0.93927272724654942149
0.050720458802567425227	1.4843838978272290152	0.63488640550372432703	0.94631727270089849302	0.94396909088278202482
0.050599915956227710379	1.4819384267789510456	0.63909710682501097434	0.9510136363371313184	0.9486654545190148502
0.050490401025589860817	1.4794950426977062641	0.64332080262431368123	0.95570999997336392173	0.95336181815524756455
0.050391914010653869604	1.4770537260272484925	0.64755754777289431523	0.96040636360959674711	0.95805818179148038993
0.050304454911419743679	1.4746144570166741516	0.65180739770189799476	0.96510272724582946147	0.96275454542771310429
0.050228023727887483041	1.4721772157193901975	0.65607040841117048036	0.96979909088206228684	0.96745090906394581864
0.050162620460057094629	1.4697419819920376494	0.66034663647822566812	0.9744954545182950012	0.972147272700178533
0.050108245107928564566	1.4673087354933780357	0.66463613906736951353	0.97919181815452760453	0.97684363633641135838
0.05006489767150189979	1.4648774556831369864	0.66893897393898094084	0.98388818179076042991	0.98153999997264407273
0.050032578150777100301	1.4624481218208076339	0.67325519945895495599	0.98858454542699314427	0.98623636360887689811
0.050011286545754159161	1.4600207129644131587	0.67758487460830940652	0.99328090906322596965	0.99093272724510961247
0.050001022856433090247	1.4575952079692278129	0.68192805899296160543	0.997977272699458684	0.99562909088134232682
0.05000178708281388662	1.4551715854864557542	0.68628481285367504139	1.0026736363356913984	1.0003254545175750412
0.050013579224896541342	1.4527498239618696907	0.69065519707618161505	1.0073699999719241127	1.0050218181538077555
0.05003639928268106829	1.4503299016344055605	0.69503927320148317648	1.0120663636081568271	1.0097181817900406919
0.050070247256167453587	1.4479117965347154673	0.69943710343633491711	1.0167627272443897635	1.0144145454262734063
0.050115123145355704171	1.4454954864836779826	0.70384875066391616727	1.0214590908806224778	1.0191109090625058986
0.050171026950245820042	1.4430809490908651505	0.70827427845469048684	1.0261554545168551922	1.023807272698738835
0.050237958670837801201	1.4406681617529655259	0.71271375107745993382	1.0308518181530879065	1.0285036363349715494
0.050315918307131647647	1.4382571016521643603	0.71716723351061972824	1.0355481817893206209	1.0331999999712042637
0.05040490585912735938	1.4358477457544787104	0.72163479145361264511	1.0402445454255533352	1.0378963636074372001
0.050504921326824936401	1.4334400708080470288	0.72611649133859268446	1.0449409090617862716	1.0425927272436696924
0.050615964710224378709	1.431034053341375456	0.73061240034229912865	1.049637272698018986	1.0472890908799024068
0.050738036009325679365	1.4286296696615370383	0.73512258639814653804	1.0543336363342517004	1.0519854545161353432
0.050871135224128852248	1.4262268958523249829	0.73964711820853557001	1.0590299999704844147	1.0566818181523680575
0.051015262354633883479	1.4238257077723592836	0.74418606525738839608	1.0637263636067171291	1.0613781817886007719
0.051170417400840779998	1.4214260810531473833	0.7487394978229154896	1.0684227272429498434	1.0660745454248334863
0.051336600362749548743	1.4190279910970944321	0.75330748699061611529	1.0731190908791827798	1.0707709090610662006
0.051513811240360175836	1.4166314130754680267	0.7578901046665202923	1.0778154545154154942	1.075467272697298915
0.051702050033672661278	1.4142363219263129892	0.76248742359067556151	1.0825118181516479865	1.0801636363335318514
0.051901316742687025885	1.4118426923523150762	0.76709951735088421909	1.0872081817878809229	1.0848599999697645657
0.052111611367403241901	1.4094504988186178362	0.7717264603966986769	1.0919045454241136373	1.0895563636059972801
0.052332933907821330144	1.4070597155505857323	0.77636832805367606003	1.0966009090603463516	1.0942527272422299944
0.052565284363941290613	1.4046703165315173045	0.78102519653790347665	1.101297272696579288	1.0989490908784627088
0.052808662735763095553	1.4022822755003061523	0.78569714297079495946	1.1059936363328117803	1.1036454545146954231
0.053063069023286772719	1.3998955659490477377	0.7903842453941692936	1.1106899999690444947	1.1083418181509283595
0.05332850322651232905	1.3975101611205942298	0.79508658278561350485	1.1153863636052774311	1.1130381817871610739
0.05360496534543973679	1.3951260340060545051	0.79980423507413900275	1.1200827272415101454	1.1177345454233937883
0.053892455380069002879	1.3927431573422377475	0.80453728315613626254	1.1247790908777428598	1.1224309090596265026
0.054190973330400141195	1.3903615036090430923	0.80928580891163626188	1.1294754545139755741	1.127127272695859217
0.054500519196433144797	1.3879810450267906496	0.81404989522088377907	1.1341718181502082885	1.1318236363320919313
0.054821092978168006749	1.3856017535534954632	0.81882962598123065767	1.1388681817864410029	1.1365199999683248677
0.055152694675604754804	1.3832236008820830708	0.82362508612435669786	1.1435645454226739393	1.1412163636045575821
0.05549532428874334733	1.380846558437545557	0.82843636163382439186	1.1482609090589066536	1.1459127272407900744
0.055848981817583812082	1.3784705973740363216	0.83326353956297583014	1.152957272695139368	1.1506090908770230108
0.056213667262126135182	1.3760956885719044518	0.83810670805318121523	1.1576536363313720823	1.1553054545132557251
0.05658938062237032357	1.3737218026346658117	0.84296595635244264688	1.1623499999676047967	1.1600018181494884395
0.056976121898316377246	1.3713489098859117377	0.84784137483436783356	1.167046363603837511	1.1646981817857211539
0.057373891089964310086	1.3689769803661511194	0.85273305501751606172	1.1717427272400704474	1.1693945454219538682
0.057782688197314094336	1.3666059838295885331	0.85764108958512974556	1.1764390908763031618	1.1740909090581868046
0.058202513220365736935	1.3642358897408362051	0.86256557240525766339	1.1811354545125358761	1.178787272694419519
0.058633366159119251759	1.3618666672715555865	0.86750659855128009479	1.1858318181487685905	1.1834836363306520113
0.059075247013574624932	1.3594982852970312059	0.87246426432284684971	1.1905281817850013049	1.1881799999668849477
0.059528155783731870332	1.3571307123926754645	0.87743866726723451777	1.1952245454212340192	1.192876363603117662
0.059992092469590994896	1.3547639168304586033	0.88242990620113670452	1.1999209090574669556	1.1975727272393505984
0.060467057071151943115	1.3523978665752691697	0.88743808123289469325	1.2046172726936994479	1.2022690908755830907
0.060953049588414798254	1.3500325292811978795	0.89246329378518052255	1.2093136363299323843	1.2069654545118158051
0.061450070021379497864	1.3476678722877464267	0.89750564661814302703	1.2140099999661650987	1.2116618181480487415
0.061958118370046041945	1.3453038626159605773	0.90256524385302794311	1.218706363602397591	1.2163581817842814559
0.062477194634414492946	1.3429404669644817716	0.90764219099628395959	1.2234027272386305274	1.2210545454205141702
0.063007298814484788418	1.3405776517055232322	0.91273659496416503778	1.2280990908748632418	1.2257509090567468846
0.063548430910256969995	1.3382153828807601403	0.91784856410784376735	1.2327954545110961782	1.2304472726929795989
0.064100590921730954408	1.3358536261971392101	0.92297820823904552778	1.2374918181473286705	1.2351436363292125353
0.064663778848906838803	1.3334923470226032194	0.9281256386562184435	1.2421881817835613848	1.2398399999654450276
0.06523799469178462318	1.3311315103817300542	0.93329096817124990171	1.2468845454197943212	1.244536363601677964
0.06582323845036423815	1.3287710809512807142	0.9384743111367460644	1.2515809090560270356	1.2492327272379106784
0.066419510124645725346	1.3264110230556613867	0.94367578347388691995	1.2562772726922597499	1.2539290908741436148
0.067026809714629070891	1.3240513006622922632	0.94889550270086930883	1.2609736363284924643	1.2586254545103761071
0.06764513722031430254	1.321691877376881763	0.95413358796195701927	1.2656699999647254007	1.2633218181466088215
0.068274492641701378659	1.3193327164386079442	0.95939016005714994328	1.270366363600958115	1.2680181817828417579
0.068914875978790285371	1.3169737807152004372	0.96466534147248750308	1.2750627272371906074	1.2727145454190742502
0.069566287231581119821	1.3146150326979251233	0.96995925641100588788	1.2797590908734235438	1.2774109090553071866
0.070228726400073784863	1.3122564344964657845	0.97527203082436131343	1.2844554545096562581	1.2821072726915399009
0.070902193484268349888	1.309897947833702947	0.98060379244514062069	1.2891518181458891945	1.2868036363277726153
0.07158668848416471775	1.3075395340403883626	0.98595467081987264724	1.2938481817821216868	1.2914999999640053296
0.072282211399762971715	1.3051811540497095798	0.99132479734276246486	1.2985445454183544012	1.296196363600238044
0.072988762231063125663	1.3028227683917457114	0.99671430529016402655	1.3032409090545873376	1.3008927272364709804
0.073706340978065082448	1.3004643371878117364	1.0021233298558118729	1.3079372726908198299	1.3055890908727036948
0.07443494764076896697	1.2981058201446842304	1.0075520081868312161	1.3126336363270527663	1.3102854545089361871
0.075174582219174695963	1.2957471765487149629	1.0130004794205480501	1.3173299999632854806	1.3149818181451691235
0.075925244713282269426	1.2933883652598199276	1.0184688847221170516	1.322026363599518195	1.3196781817814018378
0.07668693512309175675	1.2910293447053484694	1.0239573673229926953	1.3267227272357511314	1.3243745454176347742
0.077459653448603033032	1.288670072873826733	1.0294660725602646778	1.3314190908719836237	1.3290709090538672665
0.07824339968981625093	1.2863105073085721042	1.0349951479168777446	1.3361154545082165601	1.3337672726900999809
0.079038173846731285543	1.2839506051011777554	1.0405447430627647876	1.3408118181444492745	1.3384636363263329173
0.079843975919348164627	1.2815903228848632978	1.0461150098969125288	1.3455081817806817668	1.3431599999625656316
0.080660805907666971448	1.2792296168276873214	1.0517061025903893245	1.3502045454169147032	1.347856363598798346
0.081488663811687608862	1.2768684426256224906	1.0573181776303577362	1.3549009090531474175	1.3525527272350310604
0.082327549631410146258	1.2745067554954843114	1.0629513938650991811	1.3595972726893803539	1.3572490908712637747
0.083177463366834472613	1.27214451016771668	1.0686059125500821931	1.3642936363256128462	1.3619454545074967111
0.084038405017960698951	1.269781660879024221	1.0742818973950956085	1.3689899999618455606	1.3666418181437292034
0.084910374584788839147	1.2674181613648547451	1.0799795146124837597	1.373686363598078497	1.3713381817799621398
0.085793372067318796059	1.265053964851721835	1.0856989329665067689	1.3783827272343112114	1.3760345454161948542
0.086687397465550625197	1.2626890240493688911	1.0914403238238647997	1.3830790908705439257	1.3807309090524273465
0.087592450779484298806	1.2603232911427673102	1.0972038612054115791	1.3877754545067766401	1.3854272726886602829
0.088508532009119844641	1.2579567177839481307	1.1029897218390944946	1.3924718181430093544	1.3901236363248929973
0.089435641154457318214	1.2555892550836591504	1.108798085214155682	1.3971681817792422908	1.3948199999611259337
0.09037377821549655299	1.2532208536028477397	1.1146291336366282998	1.4018645454154747831	1.399516363597358426
0.09132294319223774326	1.2508514633439611341	1.1204830522861644049	1.4065609090517077195	1.4042127272335913624
0.092283136084680750244	1.2484810337420635395	1.1263600292742350639	1.4112572726879404339	1.4089090908698240767
0.093254356892825671088	1.2461095136557613916	1.1322602557037386717	1.4159536363241733703	1.4136054545060567911
0.094236605616672367014	1.2437368513579358797	1.1381839257300594426	1.4206499999604058626	1.4183018181422895054
0.095229882256220976799	1.2413629945262774079	1.1441312366236195963	1.425346363596638577	1.4229981817785222198
0.096234186811471486567	1.2389878902336128874	1.1501023888339643175	1.4300427272328715134	1.4276945454147551562
0.097249519282423771416	1.2366114849380265284	1.1560975860554281169	1.4347390908691040057	1.4323909090509878705
0.098275879669078025636	1.2342337244727661361	1.1621170352944285575	1.4394354545053369421	1.4370872726872203629
0.099313267971434082693	1.2318545540359286949	1.1681609469384310884	1.4441318181415696564	1.4417836363234532993
0.10036168418949201198	1.2294739181799212435	1.1742295348266396093	1.4488281817778023708	1.4464799999596860136
0.10142112832325178573	1.227091760800691489	1.1803230163224605054	1.4535245454140350851	1.45117636359591895
0.10249160037271345947	1.2247080251267197237	1.1864416123877954412	1.4582209090502677995	1.4558727272321514423
0.10357310033787703318	1.2223226537077693798	1.1925855476592146509	1.4629172726865007359	1.4605690908683841567
0.10466562821874240974	1.2199355884033880049	1.1987550505260697875	1.4676136363227334503	1.4652654545046170931
0.10576918401530960301	1.2175467703711519984	1.2049503532106049519	1.4723099999589659426	1.4699618181408498074
0.10688376772757876565	1.2151561400546491143	1.2111716918501238549	1.477006363595198879	1.4746581817770825218
0.10800937935554974501	1.2127636371711918439	1.2174193065812797254	1.4817027272314315933	1.4793545454133152361
0.1091460188992226521	1.2103692006992545771	1.2236934416265496939	1.4863990908676645297	1.4840509090495479505
0.11029368635859729264	1.2079727688656263229	1.2299943453829638162	1.491095454503897022	1.4887472726857808869
0.1114523817336738748	1.2055742791322732188	1.2363222705131546864	1.4957918181401297364	1.4934436363220133792
0.11262210502445237081	1.2031736681829001689	1.2426774740388046858	1.5004881817763626728	1.4981399999582463156
0.11380285623093266967	1.2007708719092071714	1.2490602174365617039	1.5051845454125953871	1.50283636359447903
0.11499463535311482687	1.1983658253968294538	1.255470766736503041	1.5098809090488281015	1.5075327272307115223
0.1161974423909988563	1.1959584629109532017	1.2619093926232263225	1.5145772726850608159	1.5122290908669444587
0.11741127734458475795	1.1935487178815982201	1.2683763705396531307	1.5192736363212935302	1.516925454503177173
0.11863614021387257347	1.1911365228885590906	1.2748719807936295112	1.5239699999575264666	1.5216218181394101094
0.11987203099886213631	1.1887218096459948313	1.281396508667413725	1.5286663635937589589	1.5263181817756426017
0.1211189496995536824	1.186304508986656181	1.2879502445301447278	1.5333627272299918953	1.5310145454118753161
0.1223768963159470452	1.1838845508457422895	1.2945334839533868543	1.5380590908662246097	1.5357109090481082525
0.12364587084804232187	1.1814618642443752705	1.301146527829851518	1.5427554545024575461	1.5404072726843409669
0.12492587329583934586	1.1790363772726821789	1.307789682495398953	1.5474518181386900384	1.5451036363205736812
0.12621690365933829758	1.176608017072472645	1.3144632598544292446	1.5521481817749227528	1.5497999999568063956
0.12751896193853917705	1.1741767098195017294	1.3211675775087725615	1.5568445454111556892	1.554496363593039332
0.12883204813344178996	1.1717423807053046758	1.3279029588901962722	1.5615409090473881815	1.5591927272292720463
0.13015616224404635837	1.1693049539185935704	1.3346697333966495158	1.5662372726836211179	1.5638890908655045386
0.13149130427035277124	1.1668643526261988086	1.3414682365323677971	1.5709336363198538322	1.568585454501737475
0.13283747421236105635	1.1644204989535482664	1.3482988100519732733	1.5756299999560865466	1.5732818181379701894
0.13419467207007118592	1.1619733139646644116	1.3551618021087006305	1.5803263635923192609	1.5779781817742031258
0.13556289784348318772	1.1595227176416695869	1.3620575674068919891	1.5850227272285519753	1.5826745454104356181
0.13694215153259711726	1.1570686288637825889	1.3689864673589067223	1.5897190908647849117	1.5873709090466683325
0.13833243313741283576	1.1546109653857923316	1.3759488702465971777	1.594415454501017626	1.5920672726829012689
0.13973374265793037097	1.1521496438159914977	1.3829451513875101742	1.5991118181372501184	1.5967636363191337612
0.14114608009414988943	1.1496845795935568546	1.3899756933059763675	1.6038081817734830548	1.6014599999553666976
0.14256944544607119685	1.1472156869653562516	1.3970408859092611209	1.6085045454097157691	1.6061563635915994119
0.14400383871369448752	1.1447428789621658662	1.4041411266689529658	1.6132009090459487055	1.6108527272278321263
0.14544925989701945612	1.1422660673742810467	1.4112768208077748344	1.6178972726821811978	1.6155490908640650627
0.14690570899604638022	1.1397851627264998786	1.4184483814920147982	1.6225936363184139122	1.620245454500297555
0.1483731860107752043	1.1373000742524617124	1.4256562300297703771	1.6272899999546468486	1.6249418181365304914
0.14985169094120587285	1.1348107098683184457	1.4329007960752233597	1.6319863635908795629	1.6296381817727632058
0.15134122378733838588	1.1323169761457212434	1.4401825178391567395	1.6366827272271122773	1.6343345454089956981
0.15284178454917274337	1.129818778284096048	1.4475018423059451411	1.6413790908633449916	1.6390309090452286345
0.15435337322670897309	1.1273160200821907839	1.4548592254572543236	1.646075454499577706	1.6437272726814613488
0.1558759898199471583	1.1248086039088660559	1.4622551325026944546	1.6507718181358106424	1.6484236363176942852
0.1574096343288870492	1.1222964306731089135	1.4696900381176898343	1.6554681817720431347	1.6531199999539267775
0.15895430675352895111	1.1197793997932419252	1.4771644266888266372	1.6601645454082760711	1.6578163635901594919
0.16051000709387264198	1.117257409165302251	1.4846787925669659991	1.6648609090445087855	1.6625127272263924283
0.16207673534991812181	1.1147303551305651759	1.4922336403284082174	1.6695572726807412778	1.6672090908626251426
0.1636544915216656404	1.112198132442180798	1.4998294850444187087	1.6742536363169742142	1.671905454498857857
0.16524327560911492019	1.1096606342308970028	1.5074668525594301371	1.6789499999532069285	1.6766018181350905714
0.16684308761226615547	1.107117751969838304	1.5151462797782555558	1.6836463635894398649	1.6812981817713232857
0.16845392753111909645	1.1045693754383067997	1.5228683149626600635	1.6883427272256723572	1.6859945454075562221
0.17007579536567407619	1.1020153926845741577	1.5306335180376531291	1.6930390908619052937	1.6906909090437887144
0.17170869111593078937	1.0994556899876311018	1.5384424609078812818	1.697735454498138008	1.6953872726800216508
0.17335261478188940254	1.0968901518178559851	1.5462957277845186255	1.7024318181343707224	1.7000836363162543652
0.17500756636354991569	1.0943186607965675883	1.5541939155230688474	1.7071281817706034367	1.7047799999524873016
0.1766735458609122178	1.0917410976544243972	1.5621376339725137061	1.7118245454068361511	1.7094763635887197939
0.17835055327397653091	1.0891573411886266154	1.5701275063362598594	1.7165209090430690875	1.7141727272249525083
0.18003858860274257747	1.0865672682188838305	1.5781641695453636487	1.7212172726793018018	1.7188690908611854447
0.1817376518472104685	1.0839707535421001516	1.5862482746445236703	1.7259136363155342941	1.723565454497417937
0.18344774300738031503	1.0813676698857352942	1.5943804871913704879	1.7306099999517672305	1.7282618181336508734
0.18516886208325200602	1.0787578878597925414	1.602561487669591056	1.7353063635879999449	1.7329581817698835877
0.186901009074825597	1.076141275907383843	1.6107919719164649486	1.7400027272242328813	1.7376545454061163021
0.18864418398210092143	1.0735177002538212054	1.6190726515654079165	1.7446990908604653736	1.7423509090423490164
0.19039838680507820134	1.0708870248541835224	1.62740425450415227	1.749395454496698088	1.7470472726785817308
0.19216361754375738125	1.0682491113392973414	1.6357875253492208945	1.7540918181329310244	1.7517436363148146672
0.19393987619813829459	1.065603818960077831	1.6442232259373876779	1.7587881817691635167	1.7564399999510473815
0.19572716276822121895	1.0629510045301668875	1.652712135834847107	1.7634845454053964531	1.7611363635872798739
0.19752547725400593226	1.06029052236680843	1.6612550528648544201	1.7681809090416291674	1.7658327272235128103
0.19933481965549254555	1.0576222242298869425	1.6698527936546332384	1.7728772726778618818	1.7705290908597455246
0.20115518997268105883	1.0549459592590688661	1.6785061942023937753	1.7775736363140948182	1.775225454495978461
0.20298658820557125004	1.0522615739089689058	1.687216110465337815	1.7822699999503273105	1.7799218181322109533
0.20482901435416356328	1.0495689118822657537	1.6959834189695792706	1.7869663635865602469	1.7846181817684436677
0.20668246841845755446	1.046867814060691515	1.7048090174429546551	1.7916627272227929613	1.7893145454046766041
0.20854695039845339011	1.0441581184338077914	1.7136938254717444252	1.7963590908590254536	1.7940109090409093184
0.21042246029415123676	1.0414396600254853809	1.7226387851823872222	1.80105545449525839	1.7987072726771420328
0.21230899810555087237	1.0387122708179938879	1.7316448619493163275	1.8057518181314911043	1.8034036363133747471
0.21420656383265246347	1.0359757796736090985	1.7407130451301155993	1.8104481817677240407	1.8080999999496074615
0.21611515747545573252	1.0332300122536366427	1.7498443488292492187	1.815144545403956533	1.8127963635858403979
0.21803477903396095705	1.030474790934750251	1.7590398126916930721	1.8198409090401892474	1.8174927272220728902
0.21996542850816813708	1.0277099347225315817	1.7683005027278602128	1.8245372726764221838	1.8221890908583058266
0.22190710589807710607	1.0249352591621017083	1.777627512171295443	1.8292336363126548981	1.826885454494538541
0.22385981120368791952	1.0221505762457212541	1.7870219623706904422	1.8339299999488876125	1.8315818181307710333
0.22582354442500063296	1.0193556943172361606	1.7964850037178567987	1.8386263635851203269	1.8362781817670039697
0.22779830556201524638	1.0165504179732332002	1.8060178166133857847	1.8433227272213532633	1.840974545403236684
0.22978409461473164876	1.0137345479607706711	1.8156216124718251859	1.8480190908575859776	1.8456709090394696204
0.23178091158314984011	1.0109078810715368402	1.8252976347682958735	1.8527154544938184699	1.8503672726757021127
0.23378875646727009796	1.0080702100322838088	1.8350471601285907042	1.8574118181300514063	1.8550636363119350492
0.23580762926709208926	1.0052213233913749324	1.8448714994649113574	1.8621081817662841207	1.8597599999481677635
0.23783752998261609157	1.0023610054012803694	1.8547719991595215117	1.8668045454025170571	1.8644563635844004779
0.23987845861384171631	0.99948903589683923965	1.8647500422987282054	1.8715009090387495494	1.8691527272206331922
0.24193041516076929653	0.99660519016910464885	1.8748070499597480065	1.8761972726749822638	1.8738490908568659066
0.24399339962339888777	0.99370923883457273895	1.8849444825531620484	1.8808936363112152002	1.878545454493098843
0.24606741200173010142	0.99080094769959137224	1.8951638412238240861	1.8855899999474476925	1.8832418181293315573
0.2481524522957633816	0.98788007761972806975	1.9054666693132622513	1.8902863635836806289	1.8879381817655640496
0.25024852050549845073	0.98494638435386916431	1.915854553886795264	1.8949827272199133432	1.892634545401796986
0.25235561663093536433	0.98199961841280691832	1.9263291273287836969	1.8996790908561460576	1.8973309090380297004
0.25447374067207417792	0.97903952490206058723	1.9368920690096438353	1.9043754544923787719	1.9020272726742626368
0.25660289262891483597	0.97606584335866042323	1.9475451070284792721	1.9090718181286114863	1.9067236363104951291
0.25874307250145744952	0.97307830758161140139	1.9582900200354278475	1.9137681817648444227	1.9114199999467278435
0.26089428028970179652	0.97007664545573590864	1.969128639138076009	1.918464545401077137	1.9161163635829607799
0.26305651599364798798	0.96706057876857853817	1.9800628498965744395	1.9231609090373096294	1.9208127272191934942
0.26522977961329619045	0.96402982302003625836	1.9910945944123816798	1.9278572726735425658	1.9255090908554262086
0.26741407114864618189	0.96098408722436146068	2.0022258735158877663	1.9325536363097752801	1.9302054544916589229
0.26960939059969812881	0.95792307370416052148	2.0134587490585045266	1.9372499999460082165	1.9349018181278916373
0.27181573796645169816	0.95484647787599186142	2.0247953463151873166	1.9419463635822407088	1.9395981817641245737
0.27403311324890727851	0.95175398802714306079	2.0362378565037415612	1.9466427272184734232	1.944294545400357066
0.27626151644706481436	0.94864528508313938904	2.0477885394276977848	1.9513390908547063596	1.9489909090365900024
0.27850094756092413917	0.94552004236551501215	2.0594497262499977808	1.9560354544909390739	1.9536872726728227168
0.28075140659048525293	0.94237792533934017225	2.0712238224052281765	1.9607318181271717883	1.9583836363090552091
0.28301289353574832219	0.93921859134997853769	2.0831133106586765535	1.9654281817634045026	1.9630799999452881455
0.28528540839671318041	0.93604168934850506822	2.0951207543210497164	1.970124545399637217	1.9677763635815208598
0.28756895117338004964	0.93284685960518676229	2.1072488006283305317	1.9748209090358701534	1.9724727272177537962
0.2898635218657485968	0.92963373341038735287	2.1195001842969092287	1.9795172726721026457	1.9771690908539862885
0.29216912047381915496	0.92640193276221949326	2.131877731264860909	1.9842136363083355821	1.9818654544902192249
0.29448574699759150208	0.92315107004021901282	2.1443843626310141737	1.9889099999445682965	1.9865618181264519393
0.29681340143706586021	0.91988074766427563311	2.1570230988043279652	1.9936063635808012329	1.9912581817626846536
0.29915208379224184077	0.91659055773799869016	2.1697970638769916718	1.9983027272170337252	1.995954545398917368
0.30150179406311961028	0.91328008167564556086	2.1827094902356858341	2.0029990908532662175	2.0006509090351500824
0.30386253224969966835	0.90994888981168176034	2.1957637234265101611	2.0076954544894993759	2.0053472726713827967
0.30623429835198134885	0.90659654099197373167	2.2089632272902752774	2.0123918181257320903	2.0100436363076155111
0.30861709236996487382	0.90322258214555828371	2.2223115893861380421	2.0170881817619648047	2.0147399999438482254
0.31101091430365029877	0.89982654783584525848	2.2358125267229422839	2.021784545398197519	2.0194363635800813839
0.3134157641530375682	0.89640795979004606053	2.2494698918191673442	2.0264809090344302334	2.0241327272163136541
0.31583164191812668209	0.89296632640551920623	2.2632876791140192907	2.0311772726706629477	2.0288290908525468126
0.31825854759891769596	0.88950114223164655769	2.2772700317540333081	2.0358736363068956621	2.0335254544887795269
0.32069648119541055431	0.88601188742574188417	2.2914212487815017738	2.0405699999431283764	2.0382218181250117972
0.32314544270760525713	0.88249802718139180868	2.3057457927532207798	2.0452663635793610908	2.0429181817612449557
0.32560543213550185992	0.87895901112750729478	2.3202482978203913255	2.0499627272155938051	2.04761454539747767
0.32807644947910052924	0.87539427269623970584	2.3349335783031062164	2.0546590908518269636	2.0523109090337103844
0.33055849473840059893	0.87180322845776969665	2.3498066377956772222	2.0593554544880592339	2.0570072726699430987
0.33305156791340306821	0.86818527741983564372	2.3648726788421674527	2.0640518181242923923	2.0617036363061758131
0.3355556690041071044	0.8645398002896927947	2.3801371132249022899	2.0687481817605251067	2.0663999999424085274
0.33807079801051298507	0.86086615869602400863	2.3956055729124923204	2.073444545396757821	2.0710963635786412418
0.34059695493262076571	0.85716369436811901128	2.4112839217180175311	2.0781409090329905354	2.0757927272148744002
0.34313413977043044634	0.85343172826943425324	2.4271782677225899327	2.0828372726692232497	2.0804890908511066705
0.34568235252394191592	0.84966955968240087671	2.4432949765245099982	2.0875336363054559641	2.0851854544873393849
0.34824159319315528549	0.845876465241101827	2.4596406853797985193	2.0922299999416886784	2.0898818181235725433
0.35081186177807055504	0.84205169790815403985	2.4762223183059988152	2.0969263635779213928	2.0945781817598048136
0.35339315827868761355	0.83819448589182332654	2.4930471022279370175	2.1016227272141541071	2.099274545396037972
0.35598548269500662755	0.8343040314990678441	2.510122584251654132	2.1063190908503868215	2.1039709090322706864
0.35858883502702765256	0.83037950991982523163	2.5274566501610618019	2.1110154544866199799	2.1086672726685034007
0.36120321527475013346	0.82642006793746070059	2.5450575442411693672	2.1157118181228522502	2.1133636363047361151
0.36382862343817468087	0.82242482255983617723	2.5629338905420349093	2.1204081817590849646	2.1180599999409688294
0.36646505951730135031	0.81839285956496687913	2.5810947157091170823	2.125104545395318123	2.1227563635772015438
0.36911252351212936462	0.81432323195468137023	2.5995494735185302737	2.1298009090315503933	2.1274527272134342581
0.37177101542265977852	0.81021495830909784353	2.6183080712700643744	2.1344972726677835517	2.1321490908496669725
0.37444053524889181483	0.8060670210340533659	2.6373808982068815965	2.1391936363040162661	2.1368454544858996869
0.37712108299082569562	0.80187836449287985818	2.6567788561488114851	2.1438899999402489804	2.1415418181221324012
0.37981265864846142088	0.79764789301309035885	2.6765133925463606701	2.1485863635764816948	2.1462381817583655597
0.38251526222179904613	0.79337446875762107634	2.6965965361852943794	2.1532827272127144091	2.1509345453945978299
0.38522889371083851584	0.78905690944924222752	2.7170409357972218345	2.1579790908489471235	2.1556309090308309884
0.38795355311557988554	0.78469398593561212607	2.7378599018605145332	2.1626754544851798379	2.1603272726670637027
0.39068924043602304419	0.78028441958116145916	2.7590674519085029992	2.1673718181214125522	2.165023636303295973
0.39343595567216815834	0.77582687947056683253	2.7806783596988697838	2.1720681817576452666	2.1697199999395291314
0.39619369882401506144	0.77131997940695851135	2.802708208640061649	2.1767645453938779809	2.1744163635757618458
0.39896246989156414209	0.76676227468620439254	2.8251734499182035165	2.1814609090301111394	2.1791127272119945602
0.40174226887481451209	0.76215225862657964839	2.8480914658222404867	2.1861572726663434096	2.1838090908482272745
0.40453309577376733719	0.75748835883082987763	2.8714806388269580317	2.1908536363025765681	2.1885054544844599889
0.4073349505884217292	0.75276893315505433169	2.8953604270643333862	2.1955499999388092824	2.1932018181206927032
0.41014783331877768813	0.74799226535589269371	2.9197514468948009281	2.2002463635750415527	2.1978981817569254176
0.41297174396483610215	0.74315656038417599039	2.9446755633832251142	2.2049427272112747112	2.202594545393158576
0.41580668252659608308	0.73825993928941135991	2.9701559895916522791	2.2096390908475074255	2.2072909090293908463
0.41865264900405790849	0.7333004336951620683	2.9962173957247384415	2.2143354544837401399	2.2119872726656235606
0.42150964339722163388	0.7282759798004534435	3.0228860293069819143	2.2190318181199728542	2.2166836363018567191
0.42437766570608720373	0.72318441185669923854	3.0501898477370401608	2.2237281817562055686	2.2213799999380889894
0.42725671593065467357	0.71802345506316467283	3.0781586647575918114	2.2284245453924382829	2.2260763635743221478
0.43014679407092398788	0.71279071781653957629	3.1068243126045413938	2.2331209090286709973	2.2307727272105548622
0.43304790012689542422	0.70748368324159682796	3.1362208218628340184	2.2378172726649041557	2.2354690908467875765
0.43596003409856814992	0.70209969991997245309	3.1663846213652271366	2.242513636301136426	2.2401654544830202909
0.43888319598594305315	0.69663597172256896961	3.1973547608340089354	2.2472099999373691404	2.2448618181192530052
0.44181738578902013392	0.69108954663765898019	3.2291731593948735934	2.2519063635736022988	2.2495581817554857196
0.44476260350779844854	0.68545730447109964878	3.2618848836005227554	2.2566027272098345691	2.2542545453917184339
0.44771884914227921826	0.679735943276715604	3.2955384592056575777	2.2612990908460677275	2.2589509090279511483
0.4506861226924616104	0.67392196435334827953	3.3301862216555897511	2.2659954544823004419	2.2636472726641838626
0.453664424158345847	0.66801165561963704587	3.3658847111133582963	2.2706918181185331562	2.268343636300416577
0.45665375353993192808	0.66200107314750422649	3.4026951188871299436	2.2753881817547658706	2.2730399999366497354
0.45965411083721985364	0.65588602059955292134	3.4406837933710820998	2.2800845453909985849	2.2777363635728820057
0.46266549605020967917	0.64966202627292179983	3.4799228151298557954	2.2847809090272312993	2.2824327272091151642
0.46568790917890134917	0.64332431740103179774	3.5204906526036183756	2.2894772726634640136	2.2871290908453478785
0.46872135022329491916	0.63686779130314374875	3.5624729121702314316	2.294173636299696728	2.2918254544815801488
0.47176581918339033361	0.63028698289727880244	3.6059631990789240419	2.2988699999359294424	2.2965218181178133072
0.47482131605918759254	0.62357602800169298352	3.6510641092029141319	2.3035663635721621567	2.3012181817540460216
0.477887840850687029	0.61672862173973630462	3.6978883758245078006	2.3082627272083953152	2.3059145453902787359
0.48096539355788775483	0.6097379712273992558	3.7465602009981062714	2.3129590908446275854	2.3106109090265114503
0.48405397418079093574	0.60259674155546216756	3.7972168077412713494	2.3176554544808607439	2.3153072726627441646
0.48715358271939562806	0.59529699387012924294	3.8500102577893660083	2.3223518181170934582	2.320003636298976879
0.49026421917370194281	0.58783011409584040585	3.9051095904616124344	2.3270481817533257285	2.3246999999352095934
0.49338588354371071265	0.58018673051623481651	3.9627033520634760144	2.3317445453895588869	2.3293963635714423077
0.49651857582942104941	0.5723566180134741499	4.0230026031978720624	2.3364409090257916013	2.3340927272076750221
0.49966229603083323063	0.56432858623448667323	4.0862445147595884976	2.3411372726620243157	2.3387890908439077364
0.50281704414794736735	0.55868560460883032182	4.1526966941674441358	2.34583363629825703	2.3434854544801408949
